name,email,is_verify,phone_number,photo
Oliver Anderson,oliver.anderson@email.com,true,+628522457113,public/seeding_user_photo/1.jpg
Maya Patel,maya.patel@email.com,true,+628522457114,public/seeding_user_photo/2.jpg
Lucas Thompson,lucas.thompson@email.com,true,+628522457115,public/seeding_user_photo/3.jpg
Isabella Garcia,isabella.garcia@email.com,true,+628522457116,public/seeding_user_photo/4.jpg
Elijah Robinson,elijah.robinson@email.com,true,+628522457117,public/seeding_user_photo/5.jpg
Ava Mitchell,ava.mitchell@email.com,true,+628522457118,public/seeding_user_photo/6.jpg
Mason Lewis,mason.lewis@email.com,true,+628522457119,public/seeding_user_photo/7.jpg
Sophia Wright,sophia.wright@email.com,true,+628522457120,public/seeding_user_photo/8.jpg
Jackson Davis,jackson.davis@email.com,true,+628522457121,public/seeding_user_photo/9.jpg
Mia Turner,mia.turner@email.com,true,+628522457122,public/seeding_user_photo/10.jpg
Aiden Martinez,aiden.martinez@email.com,true,+628522457123,public/seeding_user_photo/11.jpg
Harper Adams,harper.adams@email.com,true,+628522457124,public/seeding_user_photo/12.jpg
Liam Baker,liam.baker@email.com,true,+628522457125,public/seeding_user_photo/13.jpg
Zoe Hall,zoe.hall@email.com,true,+628522457126,public/seeding_user_photo/14.jpg
Caleb Parker,caleb.parker@email.com,true,+628522457127,public/seeding_user_photo/15.jpg
Grace Young,grace.young@email.com,true,+628522457128,public/seeding_user_photo/16.jpg
Noah Hernandez,noah.hernandez@email.com,true,+628522457129,public/seeding_user_photo/17.jpg
Scarlett Moore,scarlett.moore@email.com,true,+628522457130,public/seeding_user_photo/18.jpg
Logan Cooper,logan.cooper@email.com,true,+628522457131,public/seeding_user_photo/19.jpg
Emma Reed,emma.reed@email.com,true,+628522457132,public/seeding_user_photo/20.jpg
Wyatt Harris,wyatt.harris@email.com,true,+628522457133,public/seeding_user_photo/21.jpg
Lily Taylor,lily.taylor@email.com,true,+628522457134,public/seeding_user_photo/22.jpg
Owen Scott,owen.scott@email.com,true,+628522457135,public/seeding_user_photo/23.jpg
Chloe White,chloe.white@email.com,true,+628522457136,public/seeding_user_photo/24.jpg
Ethan Nelson,ethan.nelson@email.com,true,+628522457137,public/seeding_user_photo/25.jpg
Amelia King,amelia.king@email.com,true,+628522457138,public/seeding_user_photo/medicine/doctor/26.jpg
Carter Morris,carter.morris@email.com,true,+628522457139,public/seeding_user_photo/medicine/doctor/27.jpg
Riley Campbell,riley.campbell@email.com,true,+628522457140,public/seeding_user_photo/medicine/doctor/28.jpg
Aria Stewart,aria.stewart@email.com,true,+628522457141,public/seeding_user_photo/medicine/doctor/29.jpg
Jayden Bennett,jayden.bennett@email.com,true,+628522457142,public/seeding_user_photo/medicine/doctor/30.jpg
Ella Phillips,ella.phillips@email.com,true,+628522457143,public/seeding_user_photo/medicine/doctor/31.jpg
Sebastian Green,sebastian.green@email.com,true,+628522457144,public/seeding_user_photo/medicine/doctor/32.jpg
Addison Wilson,addison.wilson@email.com,true,+628522457145,public/seeding_user_photo/medicine/doctor/33.jpg
Grayson Turner,grayson.turner@email.com,true,+628522457146,public/seeding_user_photo/medicine/doctor/34.jpg
Victoria Foster,victoria.foster@email.com,true,+628522457147,public/seeding_user_photo/medicine/doctor/35.jpg
Daniel Reed,daniel.reed@email.com,true,+628522457148,public/seeding_user_photo/medicine/doctor/36.jpg
Penelope Walker,penelope.walker@email.com,true,+628522457149,public/seeding_user_photo/medicine/doctor/37.jpg
Isaac Hill,isaac.hill@email.com,true,+628522457150,public/seeding_user_photo/medicine/doctor/38.jpg
Abigail Carter,abigail.carter@email.com,true,+628522457151,public/seeding_user_photo/medicine/doctor/39.jpg
Gabriel Price,gabriel.price@email.com,true,+628522457152,public/seeding_user_photo/medicine/doctor/40.jpg
Aurora Evans,aurora.evans@email.com,true,+628522457153,public/seeding_user_photo/medicine/doctor/41.jpg
Oliver Ward,oliver.ward@email.com,true,+628522457154,public/seeding_user_photo/medicine/doctor/42.jpg
Ava Hughes,ava.hughes@email.com,true,+628522457155,public/seeding_user_photo/medicine/doctor/43.jpg
Benjamin Brooks,benjamin.brooks@email.com,true,+628522457156,public/seeding_user_photo/medicine/doctor/44.jpg
Stella Jenkins,stella.jenkins@email.com,true,+628522457157,public/seeding_user_photo/medicine/doctor/45.jpg
Caleb Hayes,caleb.hayes@email.com,true,+628522457158,public/seeding_user_photo/medicine/doctor/46.jpg
Sophia Perry,sophia.perry@email.com,true,+628522457159,public/seeding_user_photo/medicine/doctor/47.jpg
Samuel Alexander,samuel.alexander@email.com,true,+628522457160,public/seeding_user_photo/medicine/doctor/48.jpg
Evelyn Ross,evelyn.ross@email.com,true,+628522457161,public/seeding_user_photo/medicine/doctor/49.jpg
Noah Foster,noah.foster@email.com,true,+628522457162,public/seeding_user_photo/medicine/doctor/50.jpg
Scarlett Fisher,scarlett.fisher@email.com,true,+628522457163,public/seeding_user_photo/51.jpg
Jameson Dixon,jameson.dixon@email.com,true,+628522457164,public/seeding_user_photo/52.jpg
Mia Harper,mia.harper@email.com,true,+628522457165,public/seeding_user_photo/53.jpg
Ethan Stone,ethan.stone@email.com,true,+628522457166,public/seeding_user_photo/54.jpg
Zoey Bennett,zoey.bennett@email.com,true,+628522457167,public/seeding_user_photo/55.jpg
Jackson Lee,jackson.lee@email.com,true,+628522457168,public/seeding_user_photo/56.jpg
Grace Phillips,grace.phillips@email.com,true,+628522457169,public/seeding_user_photo/57.jpg
Lucas Ross,lucas.ross@email.com,true,+628522457170,public/seeding_user_photo/58.jpg
Aria Nelson,aria.nelson@email.com,true,+628522457171,public/seeding_user_photo/59.jpg
Mason Turner,mason.turner@email.com,true,+628522457172,public/seeding_user_photo/60.jpg
Isabella Wright,isabella.wright@email.com,true,+628522457173,public/seeding_user_photo/61.jpg